humanLabel,genderLabel,label
Henry Darger,male,janitor
Dennis Grassow,male,janitor
Efgani Dönmez,male,janitor
Hubert B. Scudder,male,janitor
Joseph Arend,male,janitor
Krzysztof Kononowicz,male,janitor
George Clutesi,male,janitor
Matea Bolívar,female,janitor
Karl Nilsson,male,janitor
William Rodríguez,male,janitor
Edvard Uddenberg,male,janitor
Mario Magnotta,male,janitor
Ronnie Woo Woo,male,janitor
William Harvey Lillard,male,janitor
William J. Crawford,male,janitor
Mogens Mogensen,male,janitor
Pedro Ángel Jiménez Carretón,male,janitor
Mulugeta Seraw,male,janitor
Frank Jenner,male,janitor
Rachel Cliff,female,janitor
Cecil Fergerson,male,janitor
Manfred Genditzki,male,janitor
Émilie Trélin,female,janitor
Hejremanden,male,janitor
Reidar Larsen,male,janitor
Doug Walker,male,janitor
James Collins Johnson,male,janitor
Lorenz Kurasz,male,janitor
Wolfgang Schindele,male,janitor
Louis Payer,male,janitor
Johann Striedl,male,janitor
Harriet Redmond,female,janitor
Nilton Donizeti da Silva,male,janitor
Josué de Jesus Silva,male,janitor
Samuel Osborne,male,janitor
Ilaria Cucchi,female,janitor
Ronald Read,male,janitor
Wladimir Elsner,male,janitor
Miquel Bell-lloch i Palet,male,janitor
Albertus Renatus Lespilliez,male,janitor
Xaver Mindl,male,janitor
Johann Christoph Fricke,male,janitor
Karl Joseph Thurn,male,janitor
Maximilian Mohr,male,janitor
Hans-Jürgen Groschupp,male,janitor
Louis Müller,male,janitor
Johann Kapeller,male,janitor
Günter Nagel,male,janitor
Angelo Killian,male,janitor
Arthur Carl,male,janitor
Hermann Schöpf,male,janitor
F. Grape,male,janitor
Johannes Seifert,male,janitor
Karl Vogel,male,janitor
Robert Menge,male,janitor
Joseph Graham,male,janitor
Edward Smyth Jones,male,janitor
Eugen Zichmer,male,janitor
Oscar Magnusson,male,janitor
George B. King,male,janitor
Philip Joseph Hughes Jr.,male,janitor
Willie Williams,male,janitor
Charly Burger,male,janitor
Lina Hirsch,female,janitor
Max Adolf Hirsch,male,janitor
Johan Rydberg,male,janitor
Johan Peter Forssell,male,janitor
Tønnes Amundsen,male,janitor
Francisco Regis Benicio Crus,male,janitor
Marinalva Pereira da Silva,female,janitor
Rosa Maria da Silva,female,janitor
Watty Borthwick,male,janitor
Erzsébet Bősze,female,janitor
Johannes Bouwman,male,janitor
Wacław Dutkiewicz,male,janitor
Juliette Fournier,female,janitor
Magdalena Miedziejewska,female,janitor
Lajos Pásztor,male,janitor
Gerard Peypers,male,janitor
Adam Świąder,male,janitor
Wayne Marston,male,janitor
Andy Burton,male,janitor
Bert Brown,male,janitor
Phil McColeman,male,janitor
Mark Gerretsen,male,janitor
Hubert Ingman,male,janitor
CGA Dahlbom,male,janitor
Arthur J. Saunders,male,janitor
Wäinö Arajärvi,male,janitor
Júlia Tury,female,janitor
Hjalmar Carlsson,male,janitor
Leonard Andrew Lattin,male,janitor
Emanuel Sörling,male,janitor
Emílio,male,janitor
Seu Zé,male,janitor
Juvenal Chavez,male,janitor
George Pool Ballard,male,janitor
Alfred Banks,male,janitor
Johannes Moolenbeek,male,janitor
Aasmund Wiik,male,janitor
Veijo Jäsberg,male,janitor
Alfons Bierdimpfl,male,janitor
Willie Neal,male,janitor
Nicolae Moromete (Maromet),male,janitor
Q124309941,male,janitor
Tom Phaddy Mac Diarmada,male,janitor
Toraji Mayeda,male,janitor
Giuseppe Garibaldi,male,janitor
Rupert Mattes,male,janitor
Kalle Hämäläinen,male,janitor
Gottlieb  Bade,male,janitor
Q130298709,male,janitor
Q130298737,male,janitor
Sven Gustaf Hellström,male,janitor
Doualemn,male,janitor
Leo Klinger,male,janitor
Theobald Aßmann,male,janitor
Lorenz Roß,male,janitor
Leopold Lueger,male,janitor
Q135781302,female,janitor
Gregor Nagele,male,janitor
Christiaan Stokhuijzen,male,janitor
Evan Price,male,janitor
